user_input,retrieved_contexts,response,reference,faithfulness,answer_relevancy,context_precision,context_recall
What projects has Tiago built?,"['Projects Overview\n\nTiago has built three main projects: (1) RAG Career Chatbot — AI career assistant with streaming SSE, LangChain, ChromaDB, Groq, deployed on Render. (2) Inspection Management API — ', 'About Tiago\'s Background\n**""Why the transition from project management to engineering?""**', 'About Tiago\nAbout Tiago\n\nTiago Fortunato is a **Full-Stack Developer and Founder** based in **Berlin, Germany**. He is currently completing an **MSc in Software Engineering** at the University of Euro', 'About Tiago\nHis technical focus spans **AI application engineering** (RAG pipelines, computer vision, ML), **backend API development** (Python/FastAPI), and **full-stack SaaS product development** (Ne', 'MSc Thesis Overview\nTiago\'s MSc thesis is titled *""Expert System for Road Surface Hazard Detection: A Deep Learning-Based Detection and Maintenance Prioritization Pipeline""*, submitted in February 202', 'Proposed Solution — Hybrid Pipeline\nProposed Solution — Hybrid Pipeline\n\nTiago designed a **modular two-component pipeline** that separates perception from reasoning:\n\n1. **Detection Component (YOLOv8', ""About Tiago's Background\nTiago comes from an entrepreneurial background. He studied mechanical engineering in Brazil with a focus on renewable energy, co-founded a business, and later worked as a proj"", 'About Tiago\n**Languages:** Portuguese (native), English (fluent), German (B2.2, actively improving)\n\n**Available for:** Full-Stack or Backend Developer roles in Berlin or remote. Actively pursuing the', ""About Tiago's Background\nIt's less of a transition and more of a completion. As a project manager Tiago was always the person closest to the technical decisions without making them. At some point he r"", ""Why FIDgate\nTiago's role is to bring strong engineering and product thinking to make the system usable, reliable, and scalable — that part is domain-agnostic. He would close the domain gap quickly by ""]","Tiago has built several projects, with three main ones being highlighted:

1. **RAG Career Chatbot**: An AI-powered career assistant that utilizes streaming SSE, LangChain, ChromaDB, and Groq. It's deployed on Render, which suggests a cloud-based infrastructure.
2. **Inspection Management API**: A REST API that incorporates AI-powered damage classification using Groq Llama 3.2 11B Vision, along with JWT authentication, admin roles, and 31 Pytest tests for validation.
3. **Odys**: A WhatsApp-first scheduling SaaS built entirely by Tiago. It's live at [odys.com.br](http://odys.com.br) and features Stripe payments and a self-hosted WhatsApp API.","Tiago has built three main projects: (1) Odys, a WhatsApp-first scheduling SaaS for freelance professionals in Brazil, built entirely solo; (2) A RAG Career Chatbot with streaming SSE, section-aware chunking, and local embeddings deployed on Render; (3) An Inspection Management API with AI-powered damage classification using Groq Llama 3.2 11B Vision, JWT auth, admin roles, and 31 Pytest tests.",,,,
What is his AI and ML experience?,"['Full-Stack & AI Projects\n', 'AI & Machine Learning\nAI & Machine Learning\n- **RAG (Retrieval-Augmented Generation)** — end-to-end pipeline design and implementation\n- **LangChain** — orchestration, prompt templates, message histor', 'AI & Machine Learning\n- **Groq API** — LLM inference (Llama 3.1 8B)\n- **YOLOv8 (Ultralytics)** — object detection, training, evaluation (mAP, precision, recall)\n- **PyTorch** — model training, GPU-acc', ""Technical Depth\nHis daily setup is Claude Code and Gemini inside Cursor. He writes deliberate prompts, reviews every suggestion critically, and only ships what he actually understands. He doesn't use "", 'MSc Thesis Overview\nreasoning on top of a detection/modelling layer.', 'About Tiago\nHis technical focus spans **AI application engineering** (RAG pipelines, computer vision, ML), **backend API development** (Python/FastAPI), and **full-stack SaaS product development** (Ne', 'Methodologies & Practices\n- Clean layered architecture (Routers → Services → Models → Schemas)\n- Test-driven development with automated CI\n- Multi-tenant SaaS architecture\n- Modular ML pipeline design', ""About the FIDgate Role Specifically\nFirst, talk to early adopters to understand how they're actually using the engine and where the current API creates friction. Then focus on three areas: (1) API des"", 'MSc Thesis Overview\nmaintenance priority levels (Low / Medium / High) based on defect type, confidence scores, and detection count. Best result: mAP50 of 0.663 with YOLOv8s, with post-processing reduc', 'Key Technical Contributions\n\n- Demonstrated that combining deep learning with explicit rule-based reasoning improves both performance and **operational interpretability**\n- Modular architecture allows']","Tiago Fortunato has a robust background in AI and ML, showcasing his expertise in various areas. Some of his notable experiences include:

- **RAG (Retrieval-Augmented Generation)**: He's designed and implemented an end-to-end pipeline, demonstrating his ability to tackle complex AI tasks.
- **LangChain**: His experience with LangChain, a framework for building conversational AI systems, highlights his understanding of orchestration, prompt templates, message history, and chain management.
- **ChromaDB**: He's worked with ChromaDB, a vector store, and has implemented persistent embeddings and metadata filtering, showcasing his knowledge of vector-based similarity retrieval and query enrichment strategies.
- **Vector Search**: His experience with Vector Search demonstrates his ability to leverage embedding-based similarity retrieval and develop query enrichment strategies.
- **fastembed**: He's implemented local embedding model inference using the BAAI/bge-small-en-v1.5 model, indicating his familiarity with fastembed and its capabilities.
- **Groq API**: He's worked with the Groq API, utilizing LLM inference with Llama 3.1 8B, which highlights his understanding of large language models and their applications.
- **YOLOv8 (Ultralytics)**: His experience with object detection, training, and evaluation using YOLOv8 and YOLOv8s showcases his ability to work with computer vision tasks and evaluate model performance using metrics like mAP, precision, and recall.
- **PyTorch**: He's trained models using PyTorch, leveraging its GPU-accelerated inference capabilities, which indicates his familiarity with PyTorch and its applications in AI and ML.
- **Scikit-learn**: His experience with Scikit-learn, a classical ML library, highlights his understanding of classical machine learning concepts and evaluation metrics.
- **Pandas**: He's used Pandas for data manipulation and analysis, demonstrating his ability to work with data in various formats.
- **PyMuPDF (fitz)**: His experience with PyMuPDF, a PDF parsing library, showcases his ability to work with document analysis and font-size-based document analysis.
- **Claude Code**: He's used Claude Code, an AI-assisted development workflow, to write deliberate prompts and review suggestions critically, which indicates his familiarity with AI-assisted development tools.

Tiago's AI and ML experience is diverse, spanning from generative models to computer vision, classical ML, and data manipulation. His work on modular architectures, reproducible benchmarking, and post-processing aggregation also highlights his attention to detail and commitment to quality.","Tiago has experience with RAG pipelines (LangChain, ChromaDB, fastembed), LLM integration (Groq API, structured output), multimodal AI classification (Llama 3.2 11B Vision for road damage images), YOLOv8 object detection for his MSc thesis on road surface hazard detection, and prompt engineering for production systems.",,,,
Tell me about his MSc thesis,"['MSc Thesis Overview\nMSc Thesis Overview', 'MSc Thesis — Expert System for Road Surface Hazard Detection\n\n**Full Title:** *Expert System for Road Surface Hazard Detection: A Deep Learning-Based Detection and Maintenance Prioritization Pipeline*', 'About Tiago\'s Background\n**""Why the transition from project management to engineering?""**', 'MSc Thesis Overview\nTiago\'s MSc thesis is titled *""Expert System for Road Surface Hazard Detection: A Deep Learning-Based Detection and Maintenance Prioritization Pipeline""*, submitted in February 202', 'MSc Thesis Overview\nreasoning on top of a detection/modelling layer.', 'About Tiago\'s Background\nAbout Tiago\'s Background\n\n**""Tell me about yourself.""**', 'Education\n\n| Degree | Institution | Location | Year |\n|---|---|---|---|\n| MSc Software Engineering | University of Europe for Applied Sciences | Berlin, Germany | 2024–2026 |\n| Exchange — Mechanical E', 'Interview Q&A — Tiago in His Own Words\n', 'Tech Stack (Thesis)\n\nPython, PyTorch, YOLOv8 (Ultralytics), Scikit-learn, Pandas, Linux, GPU-accelerated training\n\n---\n', 'Key Technical Details\nKey Technical Details']","Tiago's MSc thesis is a notable achievement in his technical journey. Titled *""Expert System for Road Surface Hazard Detection: A Deep Learning-Based Detection and Maintenance Prioritization Pipeline""*, it showcases his expertise in developing a modular two-component pipeline.

The pipeline consists of a YOLOv8 object detection model, which leverages monocular images to identify road surface defects such as potholes and cracks. This detection layer is then combined with a deterministic rule-based expert system that assigns maintenance priority levels, categorizing them as Low, Medium, or High.

This work demonstrates Tiago's ability to integrate machine learning models with rule-based systems, providing a comprehensive solution for road surface hazard detection and maintenance prioritization. The RDD2022 dataset was used for his research, which highlights his experience in working with real-world data.

As a key takeaway, Tiago's thesis highlights his skills in:

1. **Deep learning**: He has applied YOLOv8, a state-of-the-art object detection model, to detect road surface defects from images.
2. **Rule-based systems**: His expertise in designing and implementing deterministic rule-based expert systems for maintenance prioritization adds another layer of complexity to the pipeline.
3. **Integration**: Tiago has successfully integrated these two components to create a seamless and efficient pipeline for road surface hazard detection and maintenance.

One of the notable aspects of Tiago's work is the **Inspection Management API**, which is integral to his thesis. Although the context doesn't provide explicit details, it's clear that this API plays a crucial role in enabling the seamless integration of the YOLOv8 model and the rule-based expert system.

Overall, Tiago's MSc thesis serves as a testament to his technical capabilities, demonstrating his expertise in developing innovative solutions that combine machine learning and rule-based systems.","Tiago's MSc thesis is titled 'Expert System for Road Surface Hazard Detection'. It presents a modular two-component pipeline: a YOLOv8 object detection model identifies road defects from images, and a deterministic rule-based expert system assigns maintenance priority levels (Low/Medium/High). Best result: mAP50 of 0.663 with YOLOv8s. Post-processing reduced noisy detections by 31.2%. Submitted February 2026 at University of Europe for Applied Sciences, Berlin.",,0.7701217877108878,,0.4
Why is he interested in FIDgate?,"['Why FIDgate\n---', 'Why FIDgate\nWhy FIDgate\n\n**""Why do you want to work at FIDgate?""**', 'Why FIDgate\n**""You have no energy industry experience. How would you contribute?""**', 'About the FIDgate Role Specifically\n**""What would you do in your first 30 days?""**', 'About the FIDgate Role Specifically\nAbout the FIDgate Role Specifically\n\n**""How would you turn the decision engine into a platform developers want to use?""**', ""Why FIDgate\nWhy FIDgate\n\nFIDgate is building autonomous optimization systems to replace manual, Excel-based energy decisions. This problem resonates directly with Tiago's work: his MSc thesis was arch"", 'About the FIDgate Role Specifically\non interpretability — helping users understand why the engine suggests a given configuration.', 'Why FIDgate\na system that continuously optimizes those decisions in real time is both technically challenging and has real-world impact. That combination is what makes this opportunity very compelling', 'Why FIDgate\n**What Tiago brings to FIDgate specifically:**\n- Can turn an existing Python API into a clean, developer-facing platform — demonstrated with the Inspection Management API (JWT auth, filter', 'Why FIDgate\nThree things that rarely come together. First, the domain — Tiago originally studied renewable energy during his mechanical engineering degree, and always wanted to work on meaningful prob']","Tiago is interested in FIDgate because he sees a direct connection between the company's mission and his own experience in replacing manual decisions with AI-powered systems. His MSc thesis was focused on architecturally identical solutions for road inspection and maintenance, which demonstrates his ability to tackle complex problems in a similar domain. The opportunity to work on autonomous optimization systems in the energy sector is a strong draw, as it aligns with his background in renewable energy and mechanical engineering.","Three reasons: (1) the domain — Tiago originally studied renewable energy during his mechanical engineering degree; (2) the level of ownership — he wants to own real problems end to end, not just implement tickets; (3) the problem itself — replacing manual Excel-based energy decisions with autonomous optimization systems, which is technically challenging and has real-world impact.",,0.8126091142447635,,
How would he turn an API into a developer platform?,"[""About the FIDgate Role Specifically\nFirst, talk to early adopters to understand how they're actually using the engine and where the current API creates friction. Then focus on three areas: (1) API des"", 'About the FIDgate Role Specifically\nAbout the FIDgate Role Specifically\n\n**""How would you turn the decision engine into a platform developers want to use?""**', 'Full-Stack & AI Projects\n', ""About the FIDgate Role Specifically\nUnderstanding before building, but not passively. Go deep into the decision engine, the current API, and how it's being used — run it locally, explore edge cases, t"", 'About Tiago\nHis technical focus spans **AI application engineering** (RAG pipelines, computer vision, ML), **backend API development** (Python/FastAPI), and **full-stack SaaS product development** (Ne', 'Backend Engineering\n- **Alembic** — database migration management\n- **JWT** — auth flows, token-based security\n- **Pytest** — unit and integration testing, fixtures, coverage', ""About Tiago's Background\nmanage bookings and reduce no-shows through automated communication via a self-hosted WhatsApp API. He built the entire system himself — backend, frontend, payments, and infra"", ""Why FIDgate\n- Python + TypeScript across the full stack\n- High autonomy — does not need to be managed, figures out what matters and builds it\n- Based in Berlin, aligned with FIDgate's HQ location"", 'Projects Overview\n\nTiago has built three main projects: (1) RAG Career Chatbot — AI career assistant with streaming SSE, LangChain, ChromaDB, Groq, deployed on Render. (2) Inspection Management API — ', 'Full-Stack & SaaS\n- **Tailwind CSS + shadcn/ui** — component-based UI development']","Considering Tiago's experience and expertise, I would focus on the following key areas to transform an API into a developer platform:

1. **API Design**: Tiago would prioritize clear versioning, predictable response structures, and meaningful error handling. This would involve analyzing the current API and identifying areas for improvement, then implementing these changes to create a more robust and developer-friendly API.
2. **Developer Experience**: He would focus on creating documentation that's based on real workflows, not just endpoints. This would involve working closely with developers to understand their needs and pain points, and then creating documentation that addresses these issues.
3. **Reliability**: Tiago would ensure that the API is reliable by implementing rate limiting, monitoring, and clear latency/uptime expectations. This would involve setting up tools like Prometheus, Grafana, and New Relic to monitor the API's performance and identify bottlenecks.
4. **Interpretability**: He would focus on adding an AI layer to provide insights into how the API is being used, helping developers understand their own usage patterns and areas for improvement. This could involve integrating tools like Segment or Mixpanel to provide analytics and insights.
5. **Feedback Loop**: Tiago would establish a feedback loop to ensure that the API is meeting the needs of its developers. This could involve setting up a community forum or Slack channel for developers to provide feedback and suggestions, and then acting on this feedback to improve the API.

To achieve this, Tiago would follow an iterative approach, starting with a thorough analysis of the current API and its usage. He would then identify areas for improvement and prioritize these changes based on their impact and feasibility. Throughout the process, he would work closely with developers to ensure that the API is meeting their needs and providing a seamless experience.

In terms of specific tools and technologies, Tiago has experience with:

* **API design**: Alembic for database migration management and Pytest for unit and integration testing
* **Developer experience**: Next.js and TypeScript for full-stack SaaS development
* **Reliability**: JWT for auth flows and token-based security
* **Interpretability**: RAG pipelines and computer vision for AI application engineering
* **Feedback loop**: GitHub and LinkedIn for community engagement and feedback

By leveraging these tools and technologies, Tiago would be well-equipped to transform an API into a developer platform that meets the needs of its users and provides a seamless experience.","First talk to early adopters to understand friction. Then focus on three areas: (1) API design — clear versioning, predictable response structures, meaningful error handling; (2) Developer experience — documentation based on real workflows, not just endpoints; (3) Reliability — rate limiting, monitoring, clear latency/uptime expectations. Plus an AI layer for interpretability.",,,,0.2
Tell me about Odys,"['About Odys in Depth\nAbout Odys in Depth\n\n**""What was the hardest part of building Odys?""**', 'Odys — Founder & Full-Stack Developer (2026–present, Berlin)\nBuilt and launched a live SaaS product from zero — market research, product design, technical architecture, implementation, and production ', 'About Odys in Depth\n**""What would break first at 10x users?""**\n\nProbably the WhatsApp connection layer. The self-hosted Evolution API works reliably for current load but hasn\'t been stress-tested at s', 'About Odys in Depth\nThe most natural place is the booking flow. Freelancers receive messages like ""can I book something this week?"" directly on WhatsApp. An LLM could parse intent, extract constraints', '3. Odys — Scheduling SaaS for Freelance Professionals (2026–present)\n\n**Live Product:** odys.com.br\n\nA WhatsApp-first SaaS platform built entirely solo — from architecture to production — targeting Br', 'About Tiago\nAbout Tiago\n\nTiago Fortunato is a **Full-Stack Developer and Founder** based in **Berlin, Germany**. He is currently completing an **MSc in Software Engineering** at the University of Euro', 'Why FIDgate\n**What Tiago brings to FIDgate specifically:**\n- Can turn an existing Python API into a clean, developer-facing platform — demonstrated with the Inspection Management API (JWT auth, filter', 'Working Style and Availability\nWorking Style and Availability\n\n**""How do you handle working without management or clear requirements?""**\n\nThat\'s how Tiago prefers to work. At Odys there was no product', 'About Odys in Depth\nThe main technical challenge was making the WhatsApp integration reliable. Tiago had to self-host a WhatsApp API (Evolution API) inside a Docker container and deal with unstable co', 'Why FIDgate\n---']","**Odys: A Live WhatsApp-first Scheduling SaaS**

Odys is a live, production-ready SaaS platform built entirely by Tiago Fortunato, a Full-Stack Developer and Founder based in Berlin. Launched in 2026, Odys targets Brazilian freelance professionals who manage appointments manually via WhatsApp.

**Key Features and Challenges**

- **WhatsApp Integration**: Odys relies heavily on WhatsApp as its primary interface. Tiago overcame the technical challenge of making this integration reliable by self-hosting the WhatsApp API (Evolution API) inside a Docker container.
- **Self-Hosted Evolution API**: This required Tiago to handle unstable connections, as WhatsApp sessions can drop at any time. To address this, he built a watchdog system to monitor the connection and automatically restart it, along with scheduled jobs for reminders and robust webhook handling for payments.
- **Scheduling and Booking Flow**: Freelancers receive messages directly on WhatsApp, allowing them to book services or manage their schedules.
- **Database and API Layer**: Odys uses Supabase with proper indexing, which handles the database and API layer reliably.

**Technical Proofs of Work**

- **Inspection Management API**: Tiago has experience turning an existing Python API into a clean, developer-facing platform, as demonstrated by this API.
- **RAG Chatbot**: He has shipped AI/LLM features in production, including the RAG chatbot with a full pipeline (embeddings, vector search, conversation history, source attribution).

**Founding-Team Experience**

As the sole founder and developer of Odys, Tiago has gained valuable experience in building and launching a live product from zero, including market research, product design, technical architecture, implementation, and production deployment.","Odys is a WhatsApp-first SaaS platform built entirely solo for Brazilian freelance professionals. It features self-service booking pages, automated WhatsApp reminders from the professional's own number via self-hosted Evolution API, Stripe payments with PIX, multi-tenant architecture, and Supabase pg_cron for scheduled tasks. It's live in production but Tiago hasn't focused on distribution yet.",,,,
What would he do in his first 30 days at FIDgate?,"['About the FIDgate Role Specifically\n**""What would you do in your first 30 days?""**', 'Why FIDgate\n---', 'Why FIDgate\n**""You have no energy industry experience. How would you contribute?""**', 'Why FIDgate\nWhy FIDgate\n\n**""Why do you want to work at FIDgate?""**', 'About the FIDgate Role Specifically\nAbout the FIDgate Role Specifically\n\n**""How would you turn the decision engine into a platform developers want to use?""**', 'Why FIDgate\na system that continuously optimizes those decisions in real time is both technically challenging and has real-world impact. That combination is what makes this opportunity very compelling', 'About the RAG Pipeline\nAbout the RAG Pipeline\n\n**""How does the RAG work apply to FIDgate?""**', ""Why FIDgate\nWhy FIDgate\n\nFIDgate is building autonomous optimization systems to replace manual, Excel-based energy decisions. This problem resonates directly with Tiago's work: his MSc thesis was arch"", ""About the FIDgate Role Specifically\nUnderstanding before building, but not passively. Go deep into the decision engine, the current API, and how it's being used — run it locally, explore edge cases, t"", 'About the FIDgate Role Specifically\non interpretability — helping users understand why the engine suggests a given configuration.']","In his first 30 days at FIDgate, Tiago would focus on gaining a deep understanding of the decision engine, its current API, and how it's being utilized. To achieve this, he would:

1. **Run the decision engine locally**: He would set up the engine on his own machine to gain hands-on experience and explore its capabilities.
2. **Explore edge cases and try to break it**: By intentionally testing the engine's limits, Tiago would identify potential areas for improvement and ensure the system is robust.
3. **Talk to early adopters**: He would engage with users who are already leveraging the decision engine to understand their pain points, the types of decisions they're trying to make, and where the interface creates friction.
4. **Identify high-impact improvements**: Based on his findings, Tiago would prioritize one or two key areas for improvement and develop a plan to address them.

By the end of the first month, Tiago aims to have implemented at least one of these improvements, setting the stage for further enhancements and contributions to the decision engine.

Tiago's experience in building a similar system for road inspection and maintenance decisions during his MSc thesis provides a strong foundation for tackling this challenge. His expertise in AI and backend development will enable him to make a significant impact at FIDgate within the first 30 days.","Understanding before building, but not passively. Go deep into the decision engine, current API, and how it's being used — run it locally, explore edge cases, try to break it. In parallel, talk to early adopters to understand friction. Identify one or two high-impact improvements and start implementing before end of first month.",,,,
How many users does Odys have?,"['About Odys in Depth\n**""What would break first at 10x users?""**\n\nProbably the WhatsApp connection layer. The self-hosted Evolution API works reliably for current load but hasn\'t been stress-tested at s', 'Odys — Founder & Full-Stack Developer (2026–present, Berlin)\nBuilt and launched a live SaaS product from zero — market research, product design, technical architecture, implementation, and production ', '3. Odys — Scheduling SaaS for Freelance Professionals (2026–present)\n\n**Live Product:** odys.com.br\n\nA WhatsApp-first SaaS platform built entirely solo — from architecture to production — targeting Br', 'About Tiago\nAbout Tiago\n\nTiago Fortunato is a **Full-Stack Developer and Founder** based in **Berlin, Germany**. He is currently completing an **MSc in Software Engineering** at the University of Euro', 'About Odys in Depth\nAbout Odys in Depth\n\n**""What was the hardest part of building Odys?""**', 'Why FIDgate\n**What Tiago brings to FIDgate specifically:**\n- Can turn an existing Python API into a clean, developer-facing platform — demonstrated with the Inspection Management API (JWT auth, filter', 'About Odys in Depth\nThe main technical challenge was making the WhatsApp integration reliable. Tiago had to self-host a WhatsApp API (Evolution API) inside a Docker container and deal with unstable co', 'Working Style and Availability\nWorking Style and Availability\n\n**""How do you handle working without management or clear requirements?""**\n\nThat\'s how Tiago prefers to work. At Odys there was no product', 'Key Features\n- **JWT Authentication:** Registration, login, protected routes via FastAPI dependency injection (python-jose + bcrypt).\n- **Per-user data isolation:** Each user only sees their own recor', 'About Odys in Depth\nThe most natural place is the booking flow. Freelancers receive messages like ""can I book something this week?"" directly on WhatsApp. An LLM could parse intent, extract constraints']","Unfortunately, I don't have information about the exact number of users Odys has, as it's not mentioned in the provided context. However, I do know that Odys is a live SaaS product with a WhatsApp-first approach targeting Brazilian freelance professionals, and it has been built and launched from zero by Tiago Fortunato, the sole founder and developer.

If you're interested in learning more about Tiago's technical journey and expertise, I'd be happy to highlight his experience with building and shipping AI/LLM features in production, such as the RAG chatbot, or his ability to turn an existing Python API into a clean, developer-facing platform, demonstrated with the Inspection Management API.","Odys is live in production but Tiago hasn't focused on distribution yet, so there is no meaningful user traction to claim. His priority has been building the product and validating core workflows technically before pushing for growth.",,,,
What are the limitations of RAG systems?,"['About the RAG Pipeline\n**""What are the limitations of RAG systems?""**\n\nFour main ones: (1) Retrieval quality — if the relevant context isn\'t retrieved, the answer fails regardless of the model; (2) Ha', 'About the RAG Pipeline\nAbout the RAG Pipeline\n\n**""How does the RAG work apply to FIDgate?""**', 'Full-Stack & SaaS\n- **Tailwind CSS + shadcn/ui** — component-based UI development', 'Backend Engineering\n- **Alembic** — database migration management\n- **JWT** — auth flows, token-based security\n- **Pytest** — unit and integration testing, fixtures, coverage', 'Challenges and Solutions\n- **Challenge:** Free embedding APIs add latency and cost at scale.\n  **Solution:** Runs BAAI/bge-small-en-v1.5 locally via fastembed — downloaded once (~80MB), zero API cost.', 'Working Style and Availability\n**""What\'s one thing you\'re not good at yet?""**\n\nDistributed systems at scale. He\'s built reliable systems for current load levels, but hasn\'t operated infrastructure at ', ""About the RAG Pipeline\nFIDgate's engine produces results — optimal configurations, revenue projections, dispatch strategies. But the energy professional needs to understand why a specific configuratio"", 'Technical Architecture\n**Payments:** Stripe subscriptions + PIX with webhook handling. Resolved PgBouncer transaction mode compatibility issue with Drizzle ORM (required `pgbouncer=true&connection_lim', 'Key Features\n- **JWT Authentication:** Registration, login, protected routes via FastAPI dependency injection (python-jose + bcrypt).\n- **Per-user data isolation:** Each user only sees their own recor', 'Key Features\n- **Sorting:** By `reported_at`, `severity`, `status`, `damage_type`, `location_code` (asc/desc)\n- **Rate Limiting:** slowapi to prevent abuse\n- **Background AI Processing:** AI classific']","RAG systems, like the one Tiago worked on, have several limitations. These include:

1. **Retrieval Quality**: RAG systems rely on the quality of the context retrieved from the database or knowledge graph. If the relevant context isn't retrieved, the answer generated by the model may fail, regardless of the model's capabilities.

2. **Hallucinations**: Even when the correct context is retrieved, the model can still generate incorrect responses due to hallucinations. This can occur when the model makes assumptions or fills in gaps in the information without sufficient evidence.

3. **Latency and Cost**: Combining retrieval and generation in RAG systems adds overhead, which can lead to increased latency and cost at scale. This is especially challenging for applications that require fast and efficient processing.

4. **Evaluation Difficulty**: Evaluating the effectiveness of RAG systems can be complex. It's not always clear how to measure whether retrieval is improving or if the model is generating accurate responses.

These limitations highlight the importance of addressing each aspect to improve the overall performance and trustworthiness of RAG systems.","Four main limitations: (1) Retrieval quality — if relevant context isn't retrieved, the answer fails; (2) Hallucinations — even with right context, the model can generate incorrect responses; (3) Latency and cost at scale; (4) Evaluation is hard without labeled ground truth.",,,,1.0
What does founder-level ownership mean to him?,"['About the FIDgate Role Specifically\n**""What does founder-level ownership mean to you?""**\n\nIt means not waiting to be told where the problem is. Understanding the user, identifying what matters most, m', ""About Tiago's Background\nmanage bookings and reduce no-shows through automated communication via a self-hosted WhatsApp API. He built the entire system himself — backend, frontend, payments, and infra"", 'Odys — Founder & Full-Stack Developer (2026–present, Berlin)\nBuilt and launched a live SaaS product from zero — market research, product design, technical architecture, implementation, and production ', 'Working Style and Availability\n**""What\'s one thing you\'re not good at yet?""**\n\nDistributed systems at scale. He\'s built reliable systems for current load levels, but hasn\'t operated infrastructure at ', 'About the FIDgate Role Specifically\nAbout the FIDgate Role Specifically\n\n**""How would you turn the decision engine into a platform developers want to use?""**', 'About the FIDgate Role Specifically\n**""What would you do in your first 30 days?""**', 'Working Style and Availability\n**""Are you currently employed? When can you start?""**\n\nTiago is not currently employed. He\'s been focused on his master\'s, building Odys, and applying for the right oppo', ""Technical Depth\nHis daily setup is Claude Code and Gemini inside Cursor. He writes deliberate prompts, reviews every suggestion critically, and only ships what he actually understands. He doesn't use "", 'About Odys in Depth\nit, he had to treat reliability as a core requirement from the start.', 'Working Style and Availability\nWorking Style and Availability\n\n**""How do you handle working without management or clear requirements?""**\n\nThat\'s how Tiago prefers to work. At Odys there was no product']","Founder-level ownership is a mindset and approach that Tiago truly embodies. In his own words, it means not waiting to be told where the problem is, understanding the user, identifying what matters most, making decisions with incomplete information, and taking responsibility for the outcome, not just the implementation. He thinks beyond the code, treating the product as something he is fully accountable for. It's about being proactive, taking initiative, and driving results, even when faced with uncertainty and ambiguity.","It means not waiting to be told where the problem is. Understanding the user, identifying what matters most, making decisions with incomplete information, and taking responsibility for the outcome — not just the implementation. Thinking beyond the code and treating the product as something you are fully accountable for.",0.3076923076923077,0.9481824037820513,,1.0
